repo_id,repo_full_name,file,file_sha1,match
685047479,wekeo/multicloud,atmosphere/data_access_gome2_data_proximate.ipynb,06d2def48d650c79194280594a7605a80846fccd,VU#00
685047479,wekeo/multicloud,atmosphere/data_access_gome2_data_proximate.ipynb,06d2def48d650c79194280594a7605a80846fccd,VU#37
685047479,wekeo/multicloud,atmosphere/data_access_gome2_data_proximate.ipynb,06d2def48d650c79194280594a7605a80846fccd,VU#88
685047479,wekeo/multicloud,atmosphere/data_access_gome2_data_proximate.ipynb,06d2def48d650c79194280594a7605a80846fccd,VU#41
685047479,wekeo/multicloud,atmosphere/data_access_gome2_data_proximate.ipynb,06d2def48d650c79194280594a7605a80846fccd,VU#24
685047479,wekeo/multicloud,atmosphere/data_access_gome2_data_proximate.ipynb,06d2def48d650c79194280594a7605a80846fccd,VU#07
685047479,wekeo/multicloud,atmosphere/data_access_gome2_data_proximate.ipynb,06d2def48d650c79194280594a7605a80846fccd,VU#74
685047479,wekeo/multicloud,atmosphere/data_access_gome2_data_proximate.ipynb,06d2def48d650c79194280594a7605a80846fccd,VU#45
685047479,wekeo/multicloud,atmosphere/data_access_gome2_data_proximate.ipynb,06d2def48d650c79194280594a7605a80846fccd,VU#09
685047479,wekeo/multicloud,atmosphere/data_access_gome2_data_proximate.ipynb,06d2def48d650c79194280594a7605a80846fccd,VU#47
685047479,wekeo/multicloud,atmosphere/data_access_gome2_data_proximate.ipynb,06d2def48d650c79194280594a7605a80846fccd,VU#717
685047479,wekeo/multicloud,atmosphere/data_access_gome2_data_proximate.ipynb,06d2def48d650c79194280594a7605a80846fccd,VU#71
685047479,wekeo/multicloud,atmosphere/data_access_gome2_data_proximate.ipynb,06d2def48d650c79194280594a7605a80846fccd,VU#68
685047479,wekeo/multicloud,atmosphere/data_access_gome2_data_proximate.ipynb,06d2def48d650c79194280594a7605a80846fccd,VU#67
685047479,wekeo/multicloud,atmosphere/data_access_gome2_data_proximate.ipynb,06d2def48d650c79194280594a7605a80846fccd,VU#19
685047479,wekeo/multicloud,atmosphere/data_access_gome2_data_proximate.ipynb,06d2def48d650c79194280594a7605a80846fccd,VU#56
685047479,wekeo/multicloud,atmosphere/data_access_gome2_data_proximate.ipynb,06d2def48d650c79194280594a7605a80846fccd,VU#04
685047479,wekeo/multicloud,atmosphere/data_access_gome2_data_proximate.ipynb,06d2def48d650c79194280594a7605a80846fccd,VU#36
685047479,wekeo/multicloud,atmosphere/data_access_gome2_data_proximate.ipynb,06d2def48d650c79194280594a7605a80846fccd,VU#58
685047479,wekeo/multicloud,atmosphere/data_access_gome2_data_proximate.ipynb,06d2def48d650c79194280594a7605a80846fccd,VU#97
685047479,wekeo/multicloud,atmosphere/data_access_gome2_data_proximate.ipynb,06d2def48d650c79194280594a7605a80846fccd,VU#9354
685047479,wekeo/multicloud,atmosphere/data_access_gome2_data_proximate.ipynb,06d2def48d650c79194280594a7605a80846fccd,VU#266
685047479,wekeo/multicloud,atmosphere/data_access_gome2_data_proximate.ipynb,06d2def48d650c79194280594a7605a80846fccd,VU#34
685047479,wekeo/multicloud,atmosphere/data_access_gome2_data_proximate.ipynb,06d2def48d650c79194280594a7605a80846fccd,VU#308
685047479,wekeo/multicloud,atmosphere/data_access_gome2_data_proximate.ipynb,06d2def48d650c79194280594a7605a80846fccd,VU#03
685047479,wekeo/multicloud,atmosphere/data_access_gome2_data_proximate.ipynb,06d2def48d650c79194280594a7605a80846fccd,VU#346
685047479,wekeo/multicloud,atmosphere/data_access_s5p_date_proximate_1.ipynb,089b1809766044de18ff4b06f006b8c6299560a2,VU#48
685047479,wekeo/multicloud,atmosphere/data_access_s5p_date_proximate_1.ipynb,089b1809766044de18ff4b06f006b8c6299560a2,VU#47
685047479,wekeo/multicloud,atmosphere/data_access_s5p_date_proximate_1.ipynb,089b1809766044de18ff4b06f006b8c6299560a2,VU#31
685047479,wekeo/multicloud,atmosphere/data_access_s5p_date_proximate_1.ipynb,089b1809766044de18ff4b06f006b8c6299560a2,VU#49
685047479,wekeo/multicloud,atmosphere/data_access_s5p_date_proximate_1.ipynb,089b1809766044de18ff4b06f006b8c6299560a2,VU#492
685047479,wekeo/multicloud,atmosphere/data_access_s5p_date_proximate_1.ipynb,089b1809766044de18ff4b06f006b8c6299560a2,VU#495
685047479,wekeo/multicloud,atmosphere/data_access_s5p_date_proximate_1.ipynb,089b1809766044de18ff4b06f006b8c6299560a2,VU#50
685047479,wekeo/multicloud,atmosphere/data_access_s5p_date_proximate_1.ipynb,089b1809766044de18ff4b06f006b8c6299560a2,VU#505
685047479,wekeo/multicloud,atmosphere/data_access_s5p_date_proximate_1.ipynb,089b1809766044de18ff4b06f006b8c6299560a2,VU#32
685047479,wekeo/multicloud,atmosphere/data_access_s5p_date_proximate_1.ipynb,089b1809766044de18ff4b06f006b8c6299560a2,VU#349
685047479,wekeo/multicloud,atmosphere/data_access_s5p_date_proximate_1.ipynb,089b1809766044de18ff4b06f006b8c6299560a2,VU#30
685047479,wekeo/multicloud,atmosphere/data_access_s5p_date_proximate_1.ipynb,089b1809766044de18ff4b06f006b8c6299560a2,VU#33
685047479,wekeo/multicloud,atmosphere/data_access_s5p_date_proximate_1.ipynb,089b1809766044de18ff4b06f006b8c6299560a2,VU#52
685047479,wekeo/multicloud,atmosphere/data_access_s5p_date_proximate_1.ipynb,089b1809766044de18ff4b06f006b8c6299560a2,VU#520
685047479,wekeo/multicloud,atmosphere/data_access_s5p_date_proximate_1.ipynb,089b1809766044de18ff4b06f006b8c6299560a2,VU#53
685047479,wekeo/multicloud,atmosphere/data_access_s5p_date_proximate_1.ipynb,089b1809766044de18ff4b06f006b8c6299560a2,VU#54
685047479,wekeo/multicloud,atmosphere/data_access_s5p_date_proximate_1.ipynb,089b1809766044de18ff4b06f006b8c6299560a2,VU#5480
685047479,wekeo/multicloud,atmosphere/data_access_s5p_date_proximate_1.ipynb,089b1809766044de18ff4b06f006b8c6299560a2,VU#55
685047479,wekeo/multicloud,atmosphere/data_access_s5p_date_proximate_1.ipynb,089b1809766044de18ff4b06f006b8c6299560a2,VU#552
685047479,wekeo/multicloud,atmosphere/data_access_s5p_date_proximate_1.ipynb,089b1809766044de18ff4b06f006b8c6299560a2,VU#29
685047479,wekeo/multicloud,atmosphere/data_access_s5p_date_proximate_1.ipynb,089b1809766044de18ff4b06f006b8c6299560a2,VU#56
685047479,wekeo/multicloud,atmosphere/data_access_s5p_date_proximate_1.ipynb,089b1809766044de18ff4b06f006b8c6299560a2,VU#5670
685047479,wekeo/multicloud,atmosphere/data_access_s5p_date_proximate_1.ipynb,089b1809766044de18ff4b06f006b8c6299560a2,VU#51
685047479,wekeo/multicloud,atmosphere/data_access_s5p_date_proximate_1.ipynb,089b1809766044de18ff4b06f006b8c6299560a2,VU#46
685047479,wekeo/multicloud,atmosphere/data_access_s5p_date_proximate_1.ipynb,089b1809766044de18ff4b06f006b8c6299560a2,VU#331
685047479,wekeo/multicloud,atmosphere/data_access_s5p_date_proximate_1.ipynb,089b1809766044de18ff4b06f006b8c6299560a2,VU#996
685047479,wekeo/multicloud,atmosphere/data_access_s5p_date_proximate_1.ipynb,089b1809766044de18ff4b06f006b8c6299560a2,VU#36
685047479,wekeo/multicloud,atmosphere/data_access_s5p_date_proximate_1.ipynb,089b1809766044de18ff4b06f006b8c6299560a2,VU#37
685047479,wekeo/multicloud,atmosphere/data_access_s5p_date_proximate_1.ipynb,089b1809766044de18ff4b06f006b8c6299560a2,VU#38
685047479,wekeo/multicloud,atmosphere/data_access_s5p_date_proximate_1.ipynb,089b1809766044de18ff4b06f006b8c6299560a2,VU#382
685047479,wekeo/multicloud,atmosphere/data_access_s5p_date_proximate_1.ipynb,089b1809766044de18ff4b06f006b8c6299560a2,VU#383
685047479,wekeo/multicloud,atmosphere/data_access_s5p_date_proximate_1.ipynb,089b1809766044de18ff4b06f006b8c6299560a2,VU#387
685047479,wekeo/multicloud,atmosphere/data_access_s5p_date_proximate_1.ipynb,089b1809766044de18ff4b06f006b8c6299560a2,VU#388
685047479,wekeo/multicloud,atmosphere/data_access_s5p_date_proximate_1.ipynb,089b1809766044de18ff4b06f006b8c6299560a2,VU#39
685047479,wekeo/multicloud,atmosphere/data_access_s5p_date_proximate_1.ipynb,089b1809766044de18ff4b06f006b8c6299560a2,VU#40
685047479,wekeo/multicloud,atmosphere/data_access_s5p_date_proximate_1.ipynb,089b1809766044de18ff4b06f006b8c6299560a2,VU#409
685047479,wekeo/multicloud,atmosphere/data_access_s5p_date_proximate_1.ipynb,089b1809766044de18ff4b06f006b8c6299560a2,VU#41
685047479,wekeo/multicloud,atmosphere/data_access_s5p_date_proximate_1.ipynb,089b1809766044de18ff4b06f006b8c6299560a2,VU#343
685047479,wekeo/multicloud,atmosphere/data_access_s5p_date_proximate_1.ipynb,089b1809766044de18ff4b06f006b8c6299560a2,VU#34
685047479,wekeo/multicloud,atmosphere/data_access_s5p_date_proximate_1.ipynb,089b1809766044de18ff4b06f006b8c6299560a2,VU#418
685047479,wekeo/multicloud,atmosphere/data_access_s5p_date_proximate_1.ipynb,089b1809766044de18ff4b06f006b8c6299560a2,VU#57
685047479,wekeo/multicloud,atmosphere/data_access_s5p_date_proximate_1.ipynb,089b1809766044de18ff4b06f006b8c6299560a2,VU#428
685047479,wekeo/multicloud,atmosphere/data_access_s5p_date_proximate_1.ipynb,089b1809766044de18ff4b06f006b8c6299560a2,VU#43
685047479,wekeo/multicloud,atmosphere/data_access_s5p_date_proximate_1.ipynb,089b1809766044de18ff4b06f006b8c6299560a2,VU#436
685047479,wekeo/multicloud,atmosphere/data_access_s5p_date_proximate_1.ipynb,089b1809766044de18ff4b06f006b8c6299560a2,VU#4391
685047479,wekeo/multicloud,atmosphere/data_access_s5p_date_proximate_1.ipynb,089b1809766044de18ff4b06f006b8c6299560a2,VU#44
685047479,wekeo/multicloud,atmosphere/data_access_s5p_date_proximate_1.ipynb,089b1809766044de18ff4b06f006b8c6299560a2,VU#441
685047479,wekeo/multicloud,atmosphere/data_access_s5p_date_proximate_1.ipynb,089b1809766044de18ff4b06f006b8c6299560a2,VU#442
685047479,wekeo/multicloud,atmosphere/data_access_s5p_date_proximate_1.ipynb,089b1809766044de18ff4b06f006b8c6299560a2,VU#35
685047479,wekeo/multicloud,atmosphere/data_access_s5p_date_proximate_1.ipynb,089b1809766044de18ff4b06f006b8c6299560a2,VU#330
685047479,wekeo/multicloud,atmosphere/data_access_s5p_date_proximate_1.ipynb,089b1809766044de18ff4b06f006b8c6299560a2,VU#42
685047479,wekeo/multicloud,atmosphere/data_access_s5p_date_proximate_1.ipynb,089b1809766044de18ff4b06f006b8c6299560a2,VU#62
685047479,wekeo/multicloud,atmosphere/data_access_s5p_date_proximate_1.ipynb,089b1809766044de18ff4b06f006b8c6299560a2,VU#586
685047479,wekeo/multicloud,atmosphere/data_access_s5p_date_proximate_1.ipynb,089b1809766044de18ff4b06f006b8c6299560a2,VU#81
685047479,wekeo/multicloud,atmosphere/data_access_s5p_date_proximate_1.ipynb,089b1809766044de18ff4b06f006b8c6299560a2,VU#82
685047479,wekeo/multicloud,atmosphere/data_access_s5p_date_proximate_1.ipynb,089b1809766044de18ff4b06f006b8c6299560a2,VU#83
685047479,wekeo/multicloud,atmosphere/data_access_s5p_date_proximate_1.ipynb,089b1809766044de18ff4b06f006b8c6299560a2,VU#84
685047479,wekeo/multicloud,atmosphere/data_access_s5p_date_proximate_1.ipynb,089b1809766044de18ff4b06f006b8c6299560a2,VU#85
685047479,wekeo/multicloud,atmosphere/data_access_s5p_date_proximate_1.ipynb,089b1809766044de18ff4b06f006b8c6299560a2,VU#86
685047479,wekeo/multicloud,atmosphere/data_access_s5p_date_proximate_1.ipynb,089b1809766044de18ff4b06f006b8c6299560a2,VU#862
685047479,wekeo/multicloud,atmosphere/data_access_s5p_date_proximate_1.ipynb,089b1809766044de18ff4b06f006b8c6299560a2,VU#87
685047479,wekeo/multicloud,atmosphere/data_access_s5p_date_proximate_1.ipynb,089b1809766044de18ff4b06f006b8c6299560a2,VU#88
685047479,wekeo/multicloud,atmosphere/data_access_s5p_date_proximate_1.ipynb,089b1809766044de18ff4b06f006b8c6299560a2,VU#885
685047479,wekeo/multicloud,atmosphere/data_access_s5p_date_proximate_1.ipynb,089b1809766044de18ff4b06f006b8c6299560a2,VU#89
685047479,wekeo/multicloud,atmosphere/data_access_s5p_date_proximate_1.ipynb,089b1809766044de18ff4b06f006b8c6299560a2,VU#90
685047479,wekeo/multicloud,atmosphere/data_access_s5p_date_proximate_1.ipynb,089b1809766044de18ff4b06f006b8c6299560a2,VU#91
685047479,wekeo/multicloud,atmosphere/data_access_s5p_date_proximate_1.ipynb,089b1809766044de18ff4b06f006b8c6299560a2,VU#914
685047479,wekeo/multicloud,atmosphere/data_access_s5p_date_proximate_1.ipynb,089b1809766044de18ff4b06f006b8c6299560a2,VU#92
685047479,wekeo/multicloud,atmosphere/data_access_s5p_date_proximate_1.ipynb,089b1809766044de18ff4b06f006b8c6299560a2,VU#929
685047479,wekeo/multicloud,atmosphere/data_access_s5p_date_proximate_1.ipynb,089b1809766044de18ff4b06f006b8c6299560a2,VU#93
685047479,wekeo/multicloud,atmosphere/data_access_s5p_date_proximate_1.ipynb,089b1809766044de18ff4b06f006b8c6299560a2,VU#932
685047479,wekeo/multicloud,atmosphere/data_access_s5p_date_proximate_1.ipynb,089b1809766044de18ff4b06f006b8c6299560a2,VU#94
685047479,wekeo/multicloud,atmosphere/data_access_s5p_date_proximate_1.ipynb,089b1809766044de18ff4b06f006b8c6299560a2,VU#944
685047479,wekeo/multicloud,atmosphere/data_access_s5p_date_proximate_1.ipynb,089b1809766044de18ff4b06f006b8c6299560a2,VU#946238
685047479,wekeo/multicloud,atmosphere/data_access_s5p_date_proximate_1.ipynb,089b1809766044de18ff4b06f006b8c6299560a2,VU#947
685047479,wekeo/multicloud,atmosphere/data_access_s5p_date_proximate_1.ipynb,089b1809766044de18ff4b06f006b8c6299560a2,VU#95
685047479,wekeo/multicloud,atmosphere/data_access_s5p_date_proximate_1.ipynb,089b1809766044de18ff4b06f006b8c6299560a2,VU#954
685047479,wekeo/multicloud,atmosphere/data_access_s5p_date_proximate_1.ipynb,089b1809766044de18ff4b06f006b8c6299560a2,VU#96
685047479,wekeo/multicloud,atmosphere/data_access_s5p_date_proximate_1.ipynb,089b1809766044de18ff4b06f006b8c6299560a2,VU#97
685047479,wekeo/multicloud,atmosphere/data_access_s5p_date_proximate_1.ipynb,089b1809766044de18ff4b06f006b8c6299560a2,VU#98
685047479,wekeo/multicloud,atmosphere/data_access_s5p_date_proximate_1.ipynb,089b1809766044de18ff4b06f006b8c6299560a2,VU#988
685047479,wekeo/multicloud,atmosphere/data_access_s5p_date_proximate_1.ipynb,089b1809766044de18ff4b06f006b8c6299560a2,VU#99
685047479,wekeo/multicloud,atmosphere/data_access_s5p_date_proximate_1.ipynb,089b1809766044de18ff4b06f006b8c6299560a2,VU#80
685047479,wekeo/multicloud,atmosphere/data_access_s5p_date_proximate_1.ipynb,089b1809766044de18ff4b06f006b8c6299560a2,VU#58
685047479,wekeo/multicloud,atmosphere/data_access_s5p_date_proximate_1.ipynb,089b1809766044de18ff4b06f006b8c6299560a2,VU#793
685047479,wekeo/multicloud,atmosphere/data_access_s5p_date_proximate_1.ipynb,089b1809766044de18ff4b06f006b8c6299560a2,VU#788
685047479,wekeo/multicloud,atmosphere/data_access_s5p_date_proximate_1.ipynb,089b1809766044de18ff4b06f006b8c6299560a2,VU#59
685047479,wekeo/multicloud,atmosphere/data_access_s5p_date_proximate_1.ipynb,089b1809766044de18ff4b06f006b8c6299560a2,VU#60
685047479,wekeo/multicloud,atmosphere/data_access_s5p_date_proximate_1.ipynb,089b1809766044de18ff4b06f006b8c6299560a2,VU#61
685047479,wekeo/multicloud,atmosphere/data_access_s5p_date_proximate_1.ipynb,089b1809766044de18ff4b06f006b8c6299560a2,VU#288
685047479,wekeo/multicloud,atmosphere/data_access_s5p_date_proximate_1.ipynb,089b1809766044de18ff4b06f006b8c6299560a2,VU#6218
685047479,wekeo/multicloud,atmosphere/data_access_s5p_date_proximate_1.ipynb,089b1809766044de18ff4b06f006b8c6299560a2,VU#622
685047479,wekeo/multicloud,atmosphere/data_access_s5p_date_proximate_1.ipynb,089b1809766044de18ff4b06f006b8c6299560a2,VU#63
685047479,wekeo/multicloud,atmosphere/data_access_s5p_date_proximate_1.ipynb,089b1809766044de18ff4b06f006b8c6299560a2,VU#64
685047479,wekeo/multicloud,atmosphere/data_access_s5p_date_proximate_1.ipynb,089b1809766044de18ff4b06f006b8c6299560a2,VU#65
685047479,wekeo/multicloud,atmosphere/data_access_s5p_date_proximate_1.ipynb,089b1809766044de18ff4b06f006b8c6299560a2,VU#652
685047479,wekeo/multicloud,atmosphere/data_access_s5p_date_proximate_1.ipynb,089b1809766044de18ff4b06f006b8c6299560a2,VU#66
685047479,wekeo/multicloud,atmosphere/data_access_s5p_date_proximate_1.ipynb,089b1809766044de18ff4b06f006b8c6299560a2,VU#67
685047479,wekeo/multicloud,atmosphere/data_access_s5p_date_proximate_1.ipynb,089b1809766044de18ff4b06f006b8c6299560a2,VU#68
685047479,wekeo/multicloud,atmosphere/data_access_s5p_date_proximate_1.ipynb,089b1809766044de18ff4b06f006b8c6299560a2,VU#685
685047479,wekeo/multicloud,atmosphere/data_access_s5p_date_proximate_1.ipynb,089b1809766044de18ff4b06f006b8c6299560a2,VU#69
685047479,wekeo/multicloud,atmosphere/data_access_s5p_date_proximate_1.ipynb,089b1809766044de18ff4b06f006b8c6299560a2,VU#690
685047479,wekeo/multicloud,atmosphere/data_access_s5p_date_proximate_1.ipynb,089b1809766044de18ff4b06f006b8c6299560a2,VU#70
685047479,wekeo/multicloud,atmosphere/data_access_s5p_date_proximate_1.ipynb,089b1809766044de18ff4b06f006b8c6299560a2,VU#71
685047479,wekeo/multicloud,atmosphere/data_access_s5p_date_proximate_1.ipynb,089b1809766044de18ff4b06f006b8c6299560a2,VU#72
685047479,wekeo/multicloud,atmosphere/data_access_s5p_date_proximate_1.ipynb,089b1809766044de18ff4b06f006b8c6299560a2,VU#7206
685047479,wekeo/multicloud,atmosphere/data_access_s5p_date_proximate_1.ipynb,089b1809766044de18ff4b06f006b8c6299560a2,VU#721
685047479,wekeo/multicloud,atmosphere/data_access_s5p_date_proximate_1.ipynb,089b1809766044de18ff4b06f006b8c6299560a2,VU#725
685047479,wekeo/multicloud,atmosphere/data_access_s5p_date_proximate_1.ipynb,089b1809766044de18ff4b06f006b8c6299560a2,VU#73
685047479,wekeo/multicloud,atmosphere/data_access_s5p_date_proximate_1.ipynb,089b1809766044de18ff4b06f006b8c6299560a2,VU#736
685047479,wekeo/multicloud,atmosphere/data_access_s5p_date_proximate_1.ipynb,089b1809766044de18ff4b06f006b8c6299560a2,VU#74
685047479,wekeo/multicloud,atmosphere/data_access_s5p_date_proximate_1.ipynb,089b1809766044de18ff4b06f006b8c6299560a2,VU#75
685047479,wekeo/multicloud,atmosphere/data_access_s5p_date_proximate_1.ipynb,089b1809766044de18ff4b06f006b8c6299560a2,VU#76
685047479,wekeo/multicloud,atmosphere/data_access_s5p_date_proximate_1.ipynb,089b1809766044de18ff4b06f006b8c6299560a2,VU#77
685047479,wekeo/multicloud,atmosphere/data_access_s5p_date_proximate_1.ipynb,089b1809766044de18ff4b06f006b8c6299560a2,VU#78
685047479,wekeo/multicloud,atmosphere/data_access_s5p_date_proximate_1.ipynb,089b1809766044de18ff4b06f006b8c6299560a2,VU#79
685047479,wekeo/multicloud,atmosphere/data_access_s5p_date_proximate_1.ipynb,089b1809766044de18ff4b06f006b8c6299560a2,VU#284
685047479,wekeo/multicloud,atmosphere/data_access_s5p_date_proximate_1.ipynb,089b1809766044de18ff4b06f006b8c6299560a2,VU#45
685047479,wekeo/multicloud,atmosphere/data_access_s5p_date_proximate_1.ipynb,089b1809766044de18ff4b06f006b8c6299560a2,VU#255
685047479,wekeo/multicloud,atmosphere/data_access_s5p_date_proximate_1.ipynb,089b1809766044de18ff4b06f006b8c6299560a2,VU#25
685047479,wekeo/multicloud,atmosphere/data_access_s5p_date_proximate_1.ipynb,089b1809766044de18ff4b06f006b8c6299560a2,VU#10
685047479,wekeo/multicloud,atmosphere/data_access_s5p_date_proximate_1.ipynb,089b1809766044de18ff4b06f006b8c6299560a2,VU#03
685047479,wekeo/multicloud,atmosphere/data_access_s5p_date_proximate_1.ipynb,089b1809766044de18ff4b06f006b8c6299560a2,VU#24
685047479,wekeo/multicloud,atmosphere/data_access_s5p_date_proximate_1.ipynb,089b1809766044de18ff4b06f006b8c6299560a2,VU#13
685047479,wekeo/multicloud,atmosphere/data_access_s5p_date_proximate_1.ipynb,089b1809766044de18ff4b06f006b8c6299560a2,VU#19
685047479,wekeo/multicloud,atmosphere/data_access_s5p_date_proximate_1.ipynb,089b1809766044de18ff4b06f006b8c6299560a2,VU#26
685047479,wekeo/multicloud,atmosphere/data_access_s5p_date_proximate_1.ipynb,089b1809766044de18ff4b06f006b8c6299560a2,VU#04
685047479,wekeo/multicloud,atmosphere/data_access_s5p_date_proximate_1.ipynb,089b1809766044de18ff4b06f006b8c6299560a2,VU#21
685047479,wekeo/multicloud,atmosphere/data_access_s5p_date_proximate_1.ipynb,089b1809766044de18ff4b06f006b8c6299560a2,VU#107
685047479,wekeo/multicloud,atmosphere/data_access_s5p_date_proximate_1.ipynb,089b1809766044de18ff4b06f006b8c6299560a2,VU#14
685047479,wekeo/multicloud,atmosphere/data_access_s5p_date_proximate_1.ipynb,089b1809766044de18ff4b06f006b8c6299560a2,VU#07
685047479,wekeo/multicloud,atmosphere/data_access_s5p_date_proximate_1.ipynb,089b1809766044de18ff4b06f006b8c6299560a2,VU#05
685047479,wekeo/multicloud,atmosphere/data_access_s5p_date_proximate_1.ipynb,089b1809766044de18ff4b06f006b8c6299560a2,VU#241
685047479,wekeo/multicloud,atmosphere/data_access_s5p_date_proximate_1.ipynb,089b1809766044de18ff4b06f006b8c6299560a2,VU#2517
685047479,wekeo/multicloud,atmosphere/data_access_s5p_date_proximate_1.ipynb,089b1809766044de18ff4b06f006b8c6299560a2,VU#06
685047479,wekeo/multicloud,atmosphere/data_access_s5p_date_proximate_1.ipynb,089b1809766044de18ff4b06f006b8c6299560a2,VU#12
685047479,wekeo/multicloud,atmosphere/data_access_s5p_date_proximate_1.ipynb,089b1809766044de18ff4b06f006b8c6299560a2,VU#192
685047479,wekeo/multicloud,atmosphere/data_access_s5p_date_proximate_1.ipynb,089b1809766044de18ff4b06f006b8c6299560a2,VU#108
685047479,wekeo/multicloud,atmosphere/data_access_s5p_date_proximate_1.ipynb,089b1809766044de18ff4b06f006b8c6299560a2,VU#069
685047479,wekeo/multicloud,atmosphere/data_access_s5p_date_proximate_1.ipynb,089b1809766044de18ff4b06f006b8c6299560a2,VU#11
685047479,wekeo/multicloud,atmosphere/data_access_s5p_date_proximate_1.ipynb,089b1809766044de18ff4b06f006b8c6299560a2,VU#0606
685047479,wekeo/multicloud,atmosphere/data_access_s5p_date_proximate_1.ipynb,089b1809766044de18ff4b06f006b8c6299560a2,VU#224
685047479,wekeo/multicloud,atmosphere/data_access_s5p_date_proximate_1.ipynb,089b1809766044de18ff4b06f006b8c6299560a2,VU#2667
685047479,wekeo/multicloud,atmosphere/data_access_s5p_date_proximate_1.ipynb,089b1809766044de18ff4b06f006b8c6299560a2,VU#08
685047479,wekeo/multicloud,atmosphere/data_access_s5p_date_proximate_1.ipynb,089b1809766044de18ff4b06f006b8c6299560a2,VU#15
685047479,wekeo/multicloud,atmosphere/data_access_s5p_date_proximate_1.ipynb,089b1809766044de18ff4b06f006b8c6299560a2,VU#28
685047479,wekeo/multicloud,atmosphere/data_access_s5p_date_proximate_1.ipynb,089b1809766044de18ff4b06f006b8c6299560a2,VU#23
685047479,wekeo/multicloud,atmosphere/data_access_s5p_date_proximate_1.ipynb,089b1809766044de18ff4b06f006b8c6299560a2,VU#16
685047479,wekeo/multicloud,atmosphere/data_access_s5p_date_proximate_1.ipynb,089b1809766044de18ff4b06f006b8c6299560a2,VU#00
685047479,wekeo/multicloud,atmosphere/data_access_s5p_date_proximate_1.ipynb,089b1809766044de18ff4b06f006b8c6299560a2,VU#276
685047479,wekeo/multicloud,atmosphere/data_access_s5p_date_proximate_1.ipynb,089b1809766044de18ff4b06f006b8c6299560a2,VU#09
685047479,wekeo/multicloud,atmosphere/data_access_s5p_date_proximate_1.ipynb,089b1809766044de18ff4b06f006b8c6299560a2,VU#17
685047479,wekeo/multicloud,atmosphere/data_access_s5p_date_proximate_1.ipynb,089b1809766044de18ff4b06f006b8c6299560a2,VU#01
685047479,wekeo/multicloud,atmosphere/data_access_s5p_date_proximate_1.ipynb,089b1809766044de18ff4b06f006b8c6299560a2,VU#274
685047479,wekeo/multicloud,atmosphere/data_access_s5p_date_proximate_1.ipynb,089b1809766044de18ff4b06f006b8c6299560a2,VU#026
685047479,wekeo/multicloud,atmosphere/data_access_s5p_date_proximate_1.ipynb,089b1809766044de18ff4b06f006b8c6299560a2,VU#238
685047479,wekeo/multicloud,atmosphere/data_access_s5p_date_proximate_1.ipynb,089b1809766044de18ff4b06f006b8c6299560a2,VU#080
685047479,wekeo/multicloud,atmosphere/data_access_s5p_date_proximate_1.ipynb,089b1809766044de18ff4b06f006b8c6299560a2,VU#20
685047479,wekeo/multicloud,atmosphere/data_access_s5p_date_proximate_1.ipynb,089b1809766044de18ff4b06f006b8c6299560a2,VU#095
685047479,wekeo/multicloud,atmosphere/data_access_s5p_date_proximate_1.ipynb,089b1809766044de18ff4b06f006b8c6299560a2,VU#27
685047479,wekeo/multicloud,atmosphere/data_access_s5p_date_proximate_1.ipynb,089b1809766044de18ff4b06f006b8c6299560a2,VU#180
685047479,wekeo/multicloud,atmosphere/data_access_s5p_date_proximate_1.ipynb,089b1809766044de18ff4b06f006b8c6299560a2,VU#18
685047479,wekeo/multicloud,atmosphere/data_access_s5p_date_proximate_1.ipynb,089b1809766044de18ff4b06f006b8c6299560a2,VU#146
685047479,wekeo/multicloud,atmosphere/data_access_s5p_date_proximate_1.ipynb,089b1809766044de18ff4b06f006b8c6299560a2,VU#269
685047479,wekeo/multicloud,atmosphere/data_access_s5p_date_proximate_1.ipynb,089b1809766044de18ff4b06f006b8c6299560a2,VU#02
685047479,wekeo/multicloud,atmosphere/data_access_s5p_date_proximate_1.ipynb,089b1809766044de18ff4b06f006b8c6299560a2,VU#022
685047479,wekeo/multicloud,atmosphere/data_access_s5p_date_proximate_1.ipynb,089b1809766044de18ff4b06f006b8c6299560a2,VU#22
685047479,wekeo/multicloud,atmosphere/data_access_s5p_traditional.ipynb,0d62b11e1026b3c94ab25d13f1eb89a3ddc73b11,VU#690
685047479,wekeo/multicloud,atmosphere/data_access_s5p_traditional.ipynb,0d62b11e1026b3c94ab25d13f1eb89a3ddc73b11,VU#68
685047479,wekeo/multicloud,atmosphere/data_access_s5p_traditional.ipynb,0d62b11e1026b3c94ab25d13f1eb89a3ddc73b11,VU#71
685047479,wekeo/multicloud,atmosphere/data_access_s5p_traditional.ipynb,0d62b11e1026b3c94ab25d13f1eb89a3ddc73b11,VU#685
685047479,wekeo/multicloud,atmosphere/data_access_s5p_traditional.ipynb,0d62b11e1026b3c94ab25d13f1eb89a3ddc73b11,VU#10
685047479,wekeo/multicloud,atmosphere/data_access_s5p_traditional.ipynb,0d62b11e1026b3c94ab25d13f1eb89a3ddc73b11,VU#72
685047479,wekeo/multicloud,atmosphere/data_access_s5p_traditional.ipynb,0d62b11e1026b3c94ab25d13f1eb89a3ddc73b11,VU#107
685047479,wekeo/multicloud,atmosphere/data_access_s5p_traditional.ipynb,0d62b11e1026b3c94ab25d13f1eb89a3ddc73b11,VU#69
685047479,wekeo/multicloud,atmosphere/data_access_s5p_traditional.ipynb,0d62b11e1026b3c94ab25d13f1eb89a3ddc73b11,VU#09
685047479,wekeo/multicloud,atmosphere/data_access_s5p_traditional.ipynb,0d62b11e1026b3c94ab25d13f1eb89a3ddc73b11,VU#70
685047479,wekeo/multicloud,atmosphere/data_access_s5p_traditional.ipynb,0d62b11e1026b3c94ab25d13f1eb89a3ddc73b11,VU#095
685047479,wekeo/multicloud,atmosphere/data_access_s5p_traditional.ipynb,0d62b11e1026b3c94ab25d13f1eb89a3ddc73b11,VU#284
685047479,wekeo/multicloud,atmosphere/data_access_s5p_traditional.ipynb,0d62b11e1026b3c94ab25d13f1eb89a3ddc73b11,VU#67
685047479,wekeo/multicloud,atmosphere/data_access_s5p_traditional.ipynb,0d62b11e1026b3c94ab25d13f1eb89a3ddc73b11,VU#5670
685047479,wekeo/multicloud,atmosphere/data_access_s5p_traditional.ipynb,0d62b11e1026b3c94ab25d13f1eb89a3ddc73b11,VU#57
685047479,wekeo/multicloud,atmosphere/data_access_s5p_traditional.ipynb,0d62b11e1026b3c94ab25d13f1eb89a3ddc73b11,VU#15
685047479,wekeo/multicloud,atmosphere/data_access_s5p_traditional.ipynb,0d62b11e1026b3c94ab25d13f1eb89a3ddc73b11,VU#58
685047479,wekeo/multicloud,atmosphere/data_access_s5p_traditional.ipynb,0d62b11e1026b3c94ab25d13f1eb89a3ddc73b11,VU#586
685047479,wekeo/multicloud,atmosphere/data_access_s5p_traditional.ipynb,0d62b11e1026b3c94ab25d13f1eb89a3ddc73b11,VU#146
685047479,wekeo/multicloud,atmosphere/data_access_s5p_traditional.ipynb,0d62b11e1026b3c94ab25d13f1eb89a3ddc73b11,VU#59
685047479,wekeo/multicloud,atmosphere/data_access_s5p_traditional.ipynb,0d62b11e1026b3c94ab25d13f1eb89a3ddc73b11,VU#60
685047479,wekeo/multicloud,atmosphere/data_access_s5p_traditional.ipynb,0d62b11e1026b3c94ab25d13f1eb89a3ddc73b11,VU#14
685047479,wekeo/multicloud,atmosphere/data_access_s5p_traditional.ipynb,0d62b11e1026b3c94ab25d13f1eb89a3ddc73b11,VU#61
685047479,wekeo/multicloud,atmosphere/data_access_s5p_traditional.ipynb,0d62b11e1026b3c94ab25d13f1eb89a3ddc73b11,VU#62
685047479,wekeo/multicloud,atmosphere/data_access_s5p_traditional.ipynb,0d62b11e1026b3c94ab25d13f1eb89a3ddc73b11,VU#108
685047479,wekeo/multicloud,atmosphere/data_access_s5p_traditional.ipynb,0d62b11e1026b3c94ab25d13f1eb89a3ddc73b11,VU#28
685047479,wekeo/multicloud,atmosphere/data_access_s5p_traditional.ipynb,0d62b11e1026b3c94ab25d13f1eb89a3ddc73b11,VU#13
685047479,wekeo/multicloud,atmosphere/data_access_s5p_traditional.ipynb,0d62b11e1026b3c94ab25d13f1eb89a3ddc73b11,VU#63
685047479,wekeo/multicloud,atmosphere/data_access_s5p_traditional.ipynb,0d62b11e1026b3c94ab25d13f1eb89a3ddc73b11,VU#64
685047479,wekeo/multicloud,atmosphere/data_access_s5p_traditional.ipynb,0d62b11e1026b3c94ab25d13f1eb89a3ddc73b11,VU#647
685047479,wekeo/multicloud,atmosphere/data_access_s5p_traditional.ipynb,0d62b11e1026b3c94ab25d13f1eb89a3ddc73b11,VU#65
685047479,wekeo/multicloud,atmosphere/data_access_s5p_traditional.ipynb,0d62b11e1026b3c94ab25d13f1eb89a3ddc73b11,VU#652
685047479,wekeo/multicloud,atmosphere/data_access_s5p_traditional.ipynb,0d62b11e1026b3c94ab25d13f1eb89a3ddc73b11,VU#654
685047479,wekeo/multicloud,atmosphere/data_access_s5p_traditional.ipynb,0d62b11e1026b3c94ab25d13f1eb89a3ddc73b11,VU#659
685047479,wekeo/multicloud,atmosphere/data_access_s5p_traditional.ipynb,0d62b11e1026b3c94ab25d13f1eb89a3ddc73b11,VU#12
685047479,wekeo/multicloud,atmosphere/data_access_s5p_traditional.ipynb,0d62b11e1026b3c94ab25d13f1eb89a3ddc73b11,VU#66
685047479,wekeo/multicloud,atmosphere/data_access_s5p_traditional.ipynb,0d62b11e1026b3c94ab25d13f1eb89a3ddc73b11,VU#11
685047479,wekeo/multicloud,atmosphere/data_access_s5p_traditional.ipynb,0d62b11e1026b3c94ab25d13f1eb89a3ddc73b11,VU#622
685047479,wekeo/multicloud,atmosphere/data_access_s5p_traditional.ipynb,0d62b11e1026b3c94ab25d13f1eb89a3ddc73b11,VU#7206
685047479,wekeo/multicloud,atmosphere/data_access_s5p_traditional.ipynb,0d62b11e1026b3c94ab25d13f1eb89a3ddc73b11,VU#76
685047479,wekeo/multicloud,atmosphere/data_access_s5p_traditional.ipynb,0d62b11e1026b3c94ab25d13f1eb89a3ddc73b11,VU#725
685047479,wekeo/multicloud,atmosphere/data_access_s5p_traditional.ipynb,0d62b11e1026b3c94ab25d13f1eb89a3ddc73b11,VU#04
685047479,wekeo/multicloud,atmosphere/data_access_s5p_traditional.ipynb,0d62b11e1026b3c94ab25d13f1eb89a3ddc73b11,VU#89
685047479,wekeo/multicloud,atmosphere/data_access_s5p_traditional.ipynb,0d62b11e1026b3c94ab25d13f1eb89a3ddc73b11,VU#90
685047479,wekeo/multicloud,atmosphere/data_access_s5p_traditional.ipynb,0d62b11e1026b3c94ab25d13f1eb89a3ddc73b11,VU#91
685047479,wekeo/multicloud,atmosphere/data_access_s5p_traditional.ipynb,0d62b11e1026b3c94ab25d13f1eb89a3ddc73b11,VU#914
685047479,wekeo/multicloud,atmosphere/data_access_s5p_traditional.ipynb,0d62b11e1026b3c94ab25d13f1eb89a3ddc73b11,VU#03
685047479,wekeo/multicloud,atmosphere/data_access_s5p_traditional.ipynb,0d62b11e1026b3c94ab25d13f1eb89a3ddc73b11,VU#92
685047479,wekeo/multicloud,atmosphere/data_access_s5p_traditional.ipynb,0d62b11e1026b3c94ab25d13f1eb89a3ddc73b11,VU#929
685047479,wekeo/multicloud,atmosphere/data_access_s5p_traditional.ipynb,0d62b11e1026b3c94ab25d13f1eb89a3ddc73b11,VU#93
685047479,wekeo/multicloud,atmosphere/data_access_s5p_traditional.ipynb,0d62b11e1026b3c94ab25d13f1eb89a3ddc73b11,VU#026
685047479,wekeo/multicloud,atmosphere/data_access_s5p_traditional.ipynb,0d62b11e1026b3c94ab25d13f1eb89a3ddc73b11,VU#932
685047479,wekeo/multicloud,atmosphere/data_access_s5p_traditional.ipynb,0d62b11e1026b3c94ab25d13f1eb89a3ddc73b11,VU#022
685047479,wekeo/multicloud,atmosphere/data_access_s5p_traditional.ipynb,0d62b11e1026b3c94ab25d13f1eb89a3ddc73b11,VU#886
685047479,wekeo/multicloud,atmosphere/data_access_s5p_traditional.ipynb,0d62b11e1026b3c94ab25d13f1eb89a3ddc73b11,VU#94
685047479,wekeo/multicloud,atmosphere/data_access_s5p_traditional.ipynb,0d62b11e1026b3c94ab25d13f1eb89a3ddc73b11,VU#946238
685047479,wekeo/multicloud,atmosphere/data_access_s5p_traditional.ipynb,0d62b11e1026b3c94ab25d13f1eb89a3ddc73b11,VU#02
685047479,wekeo/multicloud,atmosphere/data_access_s5p_traditional.ipynb,0d62b11e1026b3c94ab25d13f1eb89a3ddc73b11,VU#947
685047479,wekeo/multicloud,atmosphere/data_access_s5p_traditional.ipynb,0d62b11e1026b3c94ab25d13f1eb89a3ddc73b11,VU#95
685047479,wekeo/multicloud,atmosphere/data_access_s5p_traditional.ipynb,0d62b11e1026b3c94ab25d13f1eb89a3ddc73b11,VU#954
685047479,wekeo/multicloud,atmosphere/data_access_s5p_traditional.ipynb,0d62b11e1026b3c94ab25d13f1eb89a3ddc73b11,VU#01
685047479,wekeo/multicloud,atmosphere/data_access_s5p_traditional.ipynb,0d62b11e1026b3c94ab25d13f1eb89a3ddc73b11,VU#96
685047479,wekeo/multicloud,atmosphere/data_access_s5p_traditional.ipynb,0d62b11e1026b3c94ab25d13f1eb89a3ddc73b11,VU#97
685047479,wekeo/multicloud,atmosphere/data_access_s5p_traditional.ipynb,0d62b11e1026b3c94ab25d13f1eb89a3ddc73b11,VU#00
685047479,wekeo/multicloud,atmosphere/data_access_s5p_traditional.ipynb,0d62b11e1026b3c94ab25d13f1eb89a3ddc73b11,VU#98
685047479,wekeo/multicloud,atmosphere/data_access_s5p_traditional.ipynb,0d62b11e1026b3c94ab25d13f1eb89a3ddc73b11,VU#988
685047479,wekeo/multicloud,atmosphere/data_access_s5p_traditional.ipynb,0d62b11e1026b3c94ab25d13f1eb89a3ddc73b11,VU#99
685047479,wekeo/multicloud,atmosphere/data_access_s5p_traditional.ipynb,0d62b11e1026b3c94ab25d13f1eb89a3ddc73b11,VU#944
685047479,wekeo/multicloud,atmosphere/data_access_s5p_traditional.ipynb,0d62b11e1026b3c94ab25d13f1eb89a3ddc73b11,VU#885
685047479,wekeo/multicloud,atmosphere/data_access_s5p_traditional.ipynb,0d62b11e1026b3c94ab25d13f1eb89a3ddc73b11,VU#88
685047479,wekeo/multicloud,atmosphere/data_access_s5p_traditional.ipynb,0d62b11e1026b3c94ab25d13f1eb89a3ddc73b11,VU#05
685047479,wekeo/multicloud,atmosphere/data_access_s5p_traditional.ipynb,0d62b11e1026b3c94ab25d13f1eb89a3ddc73b11,VU#080
685047479,wekeo/multicloud,atmosphere/data_access_s5p_traditional.ipynb,0d62b11e1026b3c94ab25d13f1eb89a3ddc73b11,VU#73
685047479,wekeo/multicloud,atmosphere/data_access_s5p_traditional.ipynb,0d62b11e1026b3c94ab25d13f1eb89a3ddc73b11,VU#735
685047479,wekeo/multicloud,atmosphere/data_access_s5p_traditional.ipynb,0d62b11e1026b3c94ab25d13f1eb89a3ddc73b11,VU#736
685047479,wekeo/multicloud,atmosphere/data_access_s5p_traditional.ipynb,0d62b11e1026b3c94ab25d13f1eb89a3ddc73b11,VU#74
685047479,wekeo/multicloud,atmosphere/data_access_s5p_traditional.ipynb,0d62b11e1026b3c94ab25d13f1eb89a3ddc73b11,VU#08
685047479,wekeo/multicloud,atmosphere/data_access_s5p_traditional.ipynb,0d62b11e1026b3c94ab25d13f1eb89a3ddc73b11,VU#75
685047479,wekeo/multicloud,atmosphere/data_access_s5p_traditional.ipynb,0d62b11e1026b3c94ab25d13f1eb89a3ddc73b11,VU#16
685047479,wekeo/multicloud,atmosphere/data_access_s5p_traditional.ipynb,0d62b11e1026b3c94ab25d13f1eb89a3ddc73b11,VU#77
685047479,wekeo/multicloud,atmosphere/data_access_s5p_traditional.ipynb,0d62b11e1026b3c94ab25d13f1eb89a3ddc73b11,VU#773
685047479,wekeo/multicloud,atmosphere/data_access_s5p_traditional.ipynb,0d62b11e1026b3c94ab25d13f1eb89a3ddc73b11,VU#78
685047479,wekeo/multicloud,atmosphere/data_access_s5p_traditional.ipynb,0d62b11e1026b3c94ab25d13f1eb89a3ddc73b11,VU#07
685047479,wekeo/multicloud,atmosphere/data_access_s5p_traditional.ipynb,0d62b11e1026b3c94ab25d13f1eb89a3ddc73b11,VU#788
685047479,wekeo/multicloud,atmosphere/data_access_s5p_traditional.ipynb,0d62b11e1026b3c94ab25d13f1eb89a3ddc73b11,VU#79
685047479,wekeo/multicloud,atmosphere/data_access_s5p_traditional.ipynb,0d62b11e1026b3c94ab25d13f1eb89a3ddc73b11,VU#793
685047479,wekeo/multicloud,atmosphere/data_access_s5p_traditional.ipynb,0d62b11e1026b3c94ab25d13f1eb89a3ddc73b11,VU#069
685047479,wekeo/multicloud,atmosphere/data_access_s5p_traditional.ipynb,0d62b11e1026b3c94ab25d13f1eb89a3ddc73b11,VU#80
685047479,wekeo/multicloud,atmosphere/data_access_s5p_traditional.ipynb,0d62b11e1026b3c94ab25d13f1eb89a3ddc73b11,VU#81
685047479,wekeo/multicloud,atmosphere/data_access_s5p_traditional.ipynb,0d62b11e1026b3c94ab25d13f1eb89a3ddc73b11,VU#0606
685047479,wekeo/multicloud,atmosphere/data_access_s5p_traditional.ipynb,0d62b11e1026b3c94ab25d13f1eb89a3ddc73b11,VU#82
685047479,wekeo/multicloud,atmosphere/data_access_s5p_traditional.ipynb,0d62b11e1026b3c94ab25d13f1eb89a3ddc73b11,VU#83
685047479,wekeo/multicloud,atmosphere/data_access_s5p_traditional.ipynb,0d62b11e1026b3c94ab25d13f1eb89a3ddc73b11,VU#84
685047479,wekeo/multicloud,atmosphere/data_access_s5p_traditional.ipynb,0d62b11e1026b3c94ab25d13f1eb89a3ddc73b11,VU#85
685047479,wekeo/multicloud,atmosphere/data_access_s5p_traditional.ipynb,0d62b11e1026b3c94ab25d13f1eb89a3ddc73b11,VU#06
685047479,wekeo/multicloud,atmosphere/data_access_s5p_traditional.ipynb,0d62b11e1026b3c94ab25d13f1eb89a3ddc73b11,VU#86
685047479,wekeo/multicloud,atmosphere/data_access_s5p_traditional.ipynb,0d62b11e1026b3c94ab25d13f1eb89a3ddc73b11,VU#862
685047479,wekeo/multicloud,atmosphere/data_access_s5p_traditional.ipynb,0d62b11e1026b3c94ab25d13f1eb89a3ddc73b11,VU#87
685047479,wekeo/multicloud,atmosphere/data_access_s5p_traditional.ipynb,0d62b11e1026b3c94ab25d13f1eb89a3ddc73b11,VU#721
685047479,wekeo/multicloud,atmosphere/data_access_s5p_traditional.ipynb,0d62b11e1026b3c94ab25d13f1eb89a3ddc73b11,VU#56
685047479,wekeo/multicloud,atmosphere/data_access_s5p_traditional.ipynb,0d62b11e1026b3c94ab25d13f1eb89a3ddc73b11,VU#6218
685047479,wekeo/multicloud,atmosphere/data_access_s5p_traditional.ipynb,0d62b11e1026b3c94ab25d13f1eb89a3ddc73b11,VU#996
685047479,wekeo/multicloud,atmosphere/data_access_s5p_traditional.ipynb,0d62b11e1026b3c94ab25d13f1eb89a3ddc73b11,VU#25
685047479,wekeo/multicloud,atmosphere/data_access_s5p_traditional.ipynb,0d62b11e1026b3c94ab25d13f1eb89a3ddc73b11,VU#441
685047479,wekeo/multicloud,atmosphere/data_access_s5p_traditional.ipynb,0d62b11e1026b3c94ab25d13f1eb89a3ddc73b11,VU#218
685047479,wekeo/multicloud,atmosphere/data_access_s5p_traditional.ipynb,0d62b11e1026b3c94ab25d13f1eb89a3ddc73b11,VU#38
685047479,wekeo/multicloud,atmosphere/data_access_s5p_traditional.ipynb,0d62b11e1026b3c94ab25d13f1eb89a3ddc73b11,VU#442
685047479,wekeo/multicloud,atmosphere/data_access_s5p_traditional.ipynb,0d62b11e1026b3c94ab25d13f1eb89a3ddc73b11,VU#21
685047479,wekeo/multicloud,atmosphere/data_access_s5p_traditional.ipynb,0d62b11e1026b3c94ab25d13f1eb89a3ddc73b11,VU#37
685047479,wekeo/multicloud,atmosphere/data_access_s5p_traditional.ipynb,0d62b11e1026b3c94ab25d13f1eb89a3ddc73b11,VU#44
685047479,wekeo/multicloud,atmosphere/data_access_s5p_traditional.ipynb,0d62b11e1026b3c94ab25d13f1eb89a3ddc73b11,VU#45
685047479,wekeo/multicloud,atmosphere/data_access_s5p_traditional.ipynb,0d62b11e1026b3c94ab25d13f1eb89a3ddc73b11,VU#46
685047479,wekeo/multicloud,atmosphere/data_access_s5p_traditional.ipynb,0d62b11e1026b3c94ab25d13f1eb89a3ddc73b11,VU#36
685047479,wekeo/multicloud,atmosphere/data_access_s5p_traditional.ipynb,0d62b11e1026b3c94ab25d13f1eb89a3ddc73b11,VU#466
685047479,wekeo/multicloud,atmosphere/data_access_s5p_traditional.ipynb,0d62b11e1026b3c94ab25d13f1eb89a3ddc73b11,VU#20
685047479,wekeo/multicloud,atmosphere/data_access_s5p_traditional.ipynb,0d62b11e1026b3c94ab25d13f1eb89a3ddc73b11,VU#255
685047479,wekeo/multicloud,atmosphere/data_access_s5p_traditional.ipynb,0d62b11e1026b3c94ab25d13f1eb89a3ddc73b11,VU#47
685047479,wekeo/multicloud,atmosphere/data_access_s5p_traditional.ipynb,0d62b11e1026b3c94ab25d13f1eb89a3ddc73b11,VU#48
685047479,wekeo/multicloud,atmosphere/data_access_s5p_traditional.ipynb,0d62b11e1026b3c94ab25d13f1eb89a3ddc73b11,VU#2517
685047479,wekeo/multicloud,atmosphere/data_access_s5p_traditional.ipynb,0d62b11e1026b3c94ab25d13f1eb89a3ddc73b11,VU#22
685047479,wekeo/multicloud,atmosphere/data_access_s5p_traditional.ipynb,0d62b11e1026b3c94ab25d13f1eb89a3ddc73b11,VU#382
685047479,wekeo/multicloud,atmosphere/data_access_s5p_traditional.ipynb,0d62b11e1026b3c94ab25d13f1eb89a3ddc73b11,VU#383
685047479,wekeo/multicloud,atmosphere/data_access_s5p_traditional.ipynb,0d62b11e1026b3c94ab25d13f1eb89a3ddc73b11,VU#411
685047479,wekeo/multicloud,atmosphere/data_access_s5p_traditional.ipynb,0d62b11e1026b3c94ab25d13f1eb89a3ddc73b11,VU#409
685047479,wekeo/multicloud,atmosphere/data_access_s5p_traditional.ipynb,0d62b11e1026b3c94ab25d13f1eb89a3ddc73b11,VU#24
685047479,wekeo/multicloud,atmosphere/data_access_s5p_traditional.ipynb,0d62b11e1026b3c94ab25d13f1eb89a3ddc73b11,VU#40
685047479,wekeo/multicloud,atmosphere/data_access_s5p_traditional.ipynb,0d62b11e1026b3c94ab25d13f1eb89a3ddc73b11,VU#39
685047479,wekeo/multicloud,atmosphere/data_access_s5p_traditional.ipynb,0d62b11e1026b3c94ab25d13f1eb89a3ddc73b11,VU#238
685047479,wekeo/multicloud,atmosphere/data_access_s5p_traditional.ipynb,0d62b11e1026b3c94ab25d13f1eb89a3ddc73b11,VU#418
685047479,wekeo/multicloud,atmosphere/data_access_s5p_traditional.ipynb,0d62b11e1026b3c94ab25d13f1eb89a3ddc73b11,VU#42
685047479,wekeo/multicloud,atmosphere/data_access_s5p_traditional.ipynb,0d62b11e1026b3c94ab25d13f1eb89a3ddc73b11,VU#388
685047479,wekeo/multicloud,atmosphere/data_access_s5p_traditional.ipynb,0d62b11e1026b3c94ab25d13f1eb89a3ddc73b11,VU#241
685047479,wekeo/multicloud,atmosphere/data_access_s5p_traditional.ipynb,0d62b11e1026b3c94ab25d13f1eb89a3ddc73b11,VU#23
685047479,wekeo/multicloud,atmosphere/data_access_s5p_traditional.ipynb,0d62b11e1026b3c94ab25d13f1eb89a3ddc73b11,VU#428
685047479,wekeo/multicloud,atmosphere/data_access_s5p_traditional.ipynb,0d62b11e1026b3c94ab25d13f1eb89a3ddc73b11,VU#43
685047479,wekeo/multicloud,atmosphere/data_access_s5p_traditional.ipynb,0d62b11e1026b3c94ab25d13f1eb89a3ddc73b11,VU#387
685047479,wekeo/multicloud,atmosphere/data_access_s5p_traditional.ipynb,0d62b11e1026b3c94ab25d13f1eb89a3ddc73b11,VU#224
685047479,wekeo/multicloud,atmosphere/data_access_s5p_traditional.ipynb,0d62b11e1026b3c94ab25d13f1eb89a3ddc73b11,VU#436
685047479,wekeo/multicloud,atmosphere/data_access_s5p_traditional.ipynb,0d62b11e1026b3c94ab25d13f1eb89a3ddc73b11,VU#4391
685047479,wekeo/multicloud,atmosphere/data_access_s5p_traditional.ipynb,0d62b11e1026b3c94ab25d13f1eb89a3ddc73b11,VU#35
685047479,wekeo/multicloud,atmosphere/data_access_s5p_traditional.ipynb,0d62b11e1026b3c94ab25d13f1eb89a3ddc73b11,VU#349
685047479,wekeo/multicloud,atmosphere/data_access_s5p_traditional.ipynb,0d62b11e1026b3c94ab25d13f1eb89a3ddc73b11,VU#192
685047479,wekeo/multicloud,atmosphere/data_access_s5p_traditional.ipynb,0d62b11e1026b3c94ab25d13f1eb89a3ddc73b11,VU#26
685047479,wekeo/multicloud,atmosphere/data_access_s5p_traditional.ipynb,0d62b11e1026b3c94ab25d13f1eb89a3ddc73b11,VU#27
685047479,wekeo/multicloud,atmosphere/data_access_s5p_traditional.ipynb,0d62b11e1026b3c94ab25d13f1eb89a3ddc73b11,VU#180
685047479,wekeo/multicloud,atmosphere/data_access_s5p_traditional.ipynb,0d62b11e1026b3c94ab25d13f1eb89a3ddc73b11,VU#52
685047479,wekeo/multicloud,atmosphere/data_access_s5p_traditional.ipynb,0d62b11e1026b3c94ab25d13f1eb89a3ddc73b11,VU#520
685047479,wekeo/multicloud,atmosphere/data_access_s5p_traditional.ipynb,0d62b11e1026b3c94ab25d13f1eb89a3ddc73b11,VU#31
685047479,wekeo/multicloud,atmosphere/data_access_s5p_traditional.ipynb,0d62b11e1026b3c94ab25d13f1eb89a3ddc73b11,VU#18
685047479,wekeo/multicloud,atmosphere/data_access_s5p_traditional.ipynb,0d62b11e1026b3c94ab25d13f1eb89a3ddc73b11,VU#53
685047479,wekeo/multicloud,atmosphere/data_access_s5p_traditional.ipynb,0d62b11e1026b3c94ab25d13f1eb89a3ddc73b11,VU#54
685047479,wekeo/multicloud,atmosphere/data_access_s5p_traditional.ipynb,0d62b11e1026b3c94ab25d13f1eb89a3ddc73b11,VU#545
685047479,wekeo/multicloud,atmosphere/data_access_s5p_traditional.ipynb,0d62b11e1026b3c94ab25d13f1eb89a3ddc73b11,VU#5480
685047479,wekeo/multicloud,atmosphere/data_access_s5p_traditional.ipynb,0d62b11e1026b3c94ab25d13f1eb89a3ddc73b11,VU#17
685047479,wekeo/multicloud,atmosphere/data_access_s5p_traditional.ipynb,0d62b11e1026b3c94ab25d13f1eb89a3ddc73b11,VU#55
685047479,wekeo/multicloud,atmosphere/data_access_s5p_traditional.ipynb,0d62b11e1026b3c94ab25d13f1eb89a3ddc73b11,VU#274
685047479,wekeo/multicloud,atmosphere/data_access_s5p_traditional.ipynb,0d62b11e1026b3c94ab25d13f1eb89a3ddc73b11,VU#30
685047479,wekeo/multicloud,atmosphere/data_access_s5p_traditional.ipynb,0d62b11e1026b3c94ab25d13f1eb89a3ddc73b11,VU#29
685047479,wekeo/multicloud,atmosphere/data_access_s5p_traditional.ipynb,0d62b11e1026b3c94ab25d13f1eb89a3ddc73b11,VU#552
685047479,wekeo/multicloud,atmosphere/data_access_s5p_traditional.ipynb,0d62b11e1026b3c94ab25d13f1eb89a3ddc73b11,VU#5531
685047479,wekeo/multicloud,atmosphere/data_access_s5p_traditional.ipynb,0d62b11e1026b3c94ab25d13f1eb89a3ddc73b11,VU#276
685047479,wekeo/multicloud,atmosphere/data_access_s5p_traditional.ipynb,0d62b11e1026b3c94ab25d13f1eb89a3ddc73b11,VU#288
685047479,wekeo/multicloud,atmosphere/data_access_s5p_traditional.ipynb,0d62b11e1026b3c94ab25d13f1eb89a3ddc73b11,VU#49
685047479,wekeo/multicloud,atmosphere/data_access_s5p_traditional.ipynb,0d62b11e1026b3c94ab25d13f1eb89a3ddc73b11,VU#3223
685047479,wekeo/multicloud,atmosphere/data_access_s5p_traditional.ipynb,0d62b11e1026b3c94ab25d13f1eb89a3ddc73b11,VU#32
685047479,wekeo/multicloud,atmosphere/data_access_s5p_traditional.ipynb,0d62b11e1026b3c94ab25d13f1eb89a3ddc73b11,VU#41
685047479,wekeo/multicloud,atmosphere/data_access_s5p_traditional.ipynb,0d62b11e1026b3c94ab25d13f1eb89a3ddc73b11,VU#343
685047479,wekeo/multicloud,atmosphere/data_access_s5p_traditional.ipynb,0d62b11e1026b3c94ab25d13f1eb89a3ddc73b11,VU#495
685047479,wekeo/multicloud,atmosphere/data_access_s5p_traditional.ipynb,0d62b11e1026b3c94ab25d13f1eb89a3ddc73b11,VU#34
685047479,wekeo/multicloud,atmosphere/data_access_s5p_traditional.ipynb,0d62b11e1026b3c94ab25d13f1eb89a3ddc73b11,VU#2667
685047479,wekeo/multicloud,atmosphere/data_access_s5p_traditional.ipynb,0d62b11e1026b3c94ab25d13f1eb89a3ddc73b11,VU#331
685047479,wekeo/multicloud,atmosphere/data_access_s5p_traditional.ipynb,0d62b11e1026b3c94ab25d13f1eb89a3ddc73b11,VU#492
685047479,wekeo/multicloud,atmosphere/data_access_s5p_traditional.ipynb,0d62b11e1026b3c94ab25d13f1eb89a3ddc73b11,VU#19
685047479,wekeo/multicloud,atmosphere/data_access_s5p_traditional.ipynb,0d62b11e1026b3c94ab25d13f1eb89a3ddc73b11,VU#505
685047479,wekeo/multicloud,atmosphere/data_access_s5p_traditional.ipynb,0d62b11e1026b3c94ab25d13f1eb89a3ddc73b11,VU#330
685047479,wekeo/multicloud,atmosphere/data_access_s5p_traditional.ipynb,0d62b11e1026b3c94ab25d13f1eb89a3ddc73b11,VU#51
685047479,wekeo/multicloud,atmosphere/data_access_s5p_traditional.ipynb,0d62b11e1026b3c94ab25d13f1eb89a3ddc73b11,VU#269
685047479,wekeo/multicloud,atmosphere/data_access_s5p_traditional.ipynb,0d62b11e1026b3c94ab25d13f1eb89a3ddc73b11,VU#33
685047479,wekeo/multicloud,atmosphere/data_access_s5p_traditional.ipynb,0d62b11e1026b3c94ab25d13f1eb89a3ddc73b11,VU#50
685047479,wekeo/multicloud,marine/1_4_marine_data_applications_AG.ipynb,23ae2ccc48a72cf469d9a37aef5b7ebe74f5e256,VU#07
685047479,wekeo/multicloud,marine/1_4_marine_data_applications_AG.ipynb,23ae2ccc48a72cf469d9a37aef5b7ebe74f5e256,VU#26
685047479,wekeo/multicloud,marine/1_4_marine_data_applications_AG.ipynb,23ae2ccc48a72cf469d9a37aef5b7ebe74f5e256,VU#03
685047479,wekeo/multicloud,marine/1_4_marine_data_applications_AG.ipynb,23ae2ccc48a72cf469d9a37aef5b7ebe74f5e256,VU#89
685047479,wekeo/multicloud,marine/1_4_marine_data_applications_AG.ipynb,23ae2ccc48a72cf469d9a37aef5b7ebe74f5e256,VU#7777
685047479,wekeo/multicloud,marine/1_4_marine_data_applications_AG.ipynb,23ae2ccc48a72cf469d9a37aef5b7ebe74f5e256,VU#79
685047479,wekeo/multicloud,marine/1_4_marine_data_applications_AG.ipynb,23ae2ccc48a72cf469d9a37aef5b7ebe74f5e256,VU#38
685047479,wekeo/multicloud,marine/1_4_marine_data_applications_AG.ipynb,23ae2ccc48a72cf469d9a37aef5b7ebe74f5e256,VU#34
685047479,wekeo/multicloud,marine/1_4_marine_data_applications_AG.ipynb,23ae2ccc48a72cf469d9a37aef5b7ebe74f5e256,VU#06
685047479,wekeo/multicloud,marine/1_4_marine_data_applications_AG.ipynb,23ae2ccc48a72cf469d9a37aef5b7ebe74f5e256,VU#87
685047479,wekeo/multicloud,marine/1_4_marine_data_applications_AG.ipynb,23ae2ccc48a72cf469d9a37aef5b7ebe74f5e256,VU#81
685047479,wekeo/multicloud,marine/1_4_marine_data_applications_AG.ipynb,23ae2ccc48a72cf469d9a37aef5b7ebe74f5e256,VU#37
685047479,wekeo/multicloud,marine/1_4_marine_data_applications_AG.ipynb,23ae2ccc48a72cf469d9a37aef5b7ebe74f5e256,VU#35
685047479,wekeo/multicloud,marine/1_4_marine_data_applications_AG.ipynb,23ae2ccc48a72cf469d9a37aef5b7ebe74f5e256,VU#00
685047479,wekeo/multicloud,marine/1_4_marine_data_applications_AG.ipynb,23ae2ccc48a72cf469d9a37aef5b7ebe74f5e256,VU#77
685047479,wekeo/multicloud,marine/1_4_marine_data_applications_AG.ipynb,23ae2ccc48a72cf469d9a37aef5b7ebe74f5e256,VU#75
685047479,wekeo/multicloud,marine/1_4_marine_data_applications_AG.ipynb,23ae2ccc48a72cf469d9a37aef5b7ebe74f5e256,VU#49
685047479,wekeo/multicloud,marine/1_4_marine_data_applications_AG.ipynb,23ae2ccc48a72cf469d9a37aef5b7ebe74f5e256,VU#71
685047479,wekeo/multicloud,marine/1_4_marine_data_applications_AG.ipynb,23ae2ccc48a72cf469d9a37aef5b7ebe74f5e256,VU#4998
685047479,wekeo/multicloud,marine/1_4_marine_data_applications_AG.ipynb,23ae2ccc48a72cf469d9a37aef5b7ebe74f5e256,VU#08
685047479,wekeo/multicloud,marine/1_4_marine_data_applications_AG.ipynb,23ae2ccc48a72cf469d9a37aef5b7ebe74f5e256,VU#510
685047479,wekeo/multicloud,marine/1_4_marine_data_applications_AG.ipynb,23ae2ccc48a72cf469d9a37aef5b7ebe74f5e256,VU#69
685047479,wekeo/multicloud,marine/1_4_marine_data_applications_AG.ipynb,23ae2ccc48a72cf469d9a37aef5b7ebe74f5e256,VU#51
685047479,wekeo/multicloud,marine/1_4_marine_data_applications_AG.ipynb,23ae2ccc48a72cf469d9a37aef5b7ebe74f5e256,VU#72
685047479,wekeo/multicloud,marine/1_4_marine_data_applications_AG.ipynb,23ae2ccc48a72cf469d9a37aef5b7ebe74f5e256,VU#17
685047479,wekeo/multicloud,marine/1_4_marine_data_applications_AG.ipynb,23ae2ccc48a72cf469d9a37aef5b7ebe74f5e256,VU#20
685047479,wekeo/multicloud,marine/1_4_marine_data_applications_AG.ipynb,23ae2ccc48a72cf469d9a37aef5b7ebe74f5e256,VU#57
685047479,wekeo/multicloud,marine/1_4_marine_data_applications_AG.ipynb,23ae2ccc48a72cf469d9a37aef5b7ebe74f5e256,VU#44
685047479,wekeo/multicloud,marine/1_4_marine_data_applications_AG.ipynb,23ae2ccc48a72cf469d9a37aef5b7ebe74f5e256,VU#41
685047479,wekeo/multicloud,marine/1_4_marine_data_applications_AG.ipynb,23ae2ccc48a72cf469d9a37aef5b7ebe74f5e256,VU#73
685047479,wekeo/multicloud,atmosphere/data_access_gome2_traditional.ipynb,4d84a6874c49ea29bf0234154bebae1000ce9156,VU#88
685047479,wekeo/multicloud,atmosphere/data_access_gome2_traditional.ipynb,4d84a6874c49ea29bf0234154bebae1000ce9156,VU#36
685047479,wekeo/multicloud,atmosphere/data_access_gome2_traditional.ipynb,4d84a6874c49ea29bf0234154bebae1000ce9156,VU#47
685047479,wekeo/multicloud,atmosphere/data_access_gome2_traditional.ipynb,4d84a6874c49ea29bf0234154bebae1000ce9156,VU#67
685047479,wekeo/multicloud,atmosphere/data_access_gome2_traditional.ipynb,4d84a6874c49ea29bf0234154bebae1000ce9156,VU#37
685047479,wekeo/multicloud,atmosphere/data_access_gome2_traditional.ipynb,4d84a6874c49ea29bf0234154bebae1000ce9156,VU#04
685047479,wekeo/multicloud,atmosphere/data_access_gome2_traditional.ipynb,4d84a6874c49ea29bf0234154bebae1000ce9156,VU#266
685047479,wekeo/multicloud,atmosphere/data_access_gome2_traditional.ipynb,4d84a6874c49ea29bf0234154bebae1000ce9156,VU#03
685047479,wekeo/multicloud,atmosphere/data_access_gome2_traditional.ipynb,4d84a6874c49ea29bf0234154bebae1000ce9156,VU#34
685047479,wekeo/multicloud,atmosphere/data_access_gome2_traditional.ipynb,4d84a6874c49ea29bf0234154bebae1000ce9156,VU#9354
685047479,wekeo/multicloud,atmosphere/data_access_gome2_traditional.ipynb,4d84a6874c49ea29bf0234154bebae1000ce9156,VU#19
685047479,wekeo/multicloud,atmosphere/data_access_gome2_traditional.ipynb,4d84a6874c49ea29bf0234154bebae1000ce9156,VU#308
685047479,wekeo/multicloud,atmosphere/data_access_gome2_traditional.ipynb,4d84a6874c49ea29bf0234154bebae1000ce9156,VU#97
685047479,wekeo/multicloud,atmosphere/data_access_gome2_traditional.ipynb,4d84a6874c49ea29bf0234154bebae1000ce9156,VU#58
685047479,wekeo/multicloud,atmosphere/data_access_gome2_traditional.ipynb,4d84a6874c49ea29bf0234154bebae1000ce9156,VU#00
685047479,wekeo/multicloud,atmosphere/data_access_gome2_traditional.ipynb,4d84a6874c49ea29bf0234154bebae1000ce9156,VU#56
685047479,wekeo/multicloud,atmosphere/data_access_gome2_traditional.ipynb,4d84a6874c49ea29bf0234154bebae1000ce9156,VU#346
685047479,wekeo/multicloud,atmosphere/data_access_gome2_traditional.ipynb,4d84a6874c49ea29bf0234154bebae1000ce9156,VU#45
685047479,wekeo/multicloud,atmosphere/data_access_gome2_traditional.ipynb,4d84a6874c49ea29bf0234154bebae1000ce9156,VU#68
685047479,wekeo/multicloud,atmosphere/data_access_gome2_traditional.ipynb,4d84a6874c49ea29bf0234154bebae1000ce9156,VU#07
685047479,wekeo/multicloud,atmosphere/data_access_gome2_traditional.ipynb,4d84a6874c49ea29bf0234154bebae1000ce9156,VU#24
685047479,wekeo/multicloud,atmosphere/data_access_gome2_traditional.ipynb,4d84a6874c49ea29bf0234154bebae1000ce9156,VU#71
685047479,wekeo/multicloud,atmosphere/data_access_gome2_traditional.ipynb,4d84a6874c49ea29bf0234154bebae1000ce9156,VU#74
685047479,wekeo/multicloud,atmosphere/data_access_gome2_traditional.ipynb,4d84a6874c49ea29bf0234154bebae1000ce9156,VU#717
685047479,wekeo/multicloud,atmosphere/data_access_gome2_traditional.ipynb,4d84a6874c49ea29bf0234154bebae1000ce9156,VU#09
685047479,wekeo/multicloud,atmosphere/data_access_gome2_traditional.ipynb,4d84a6874c49ea29bf0234154bebae1000ce9156,VU#41
685047479,wekeo/multicloud,marine/1_3_marine_data_applications_MHW.ipynb,a793c3125ec343d3964227b29e0d1fc6047bd4e6,VU#33
685047479,wekeo/multicloud,marine/1_3_marine_data_applications_MHW.ipynb,a793c3125ec343d3964227b29e0d1fc6047bd4e6,VU#02
685047479,wekeo/multicloud,marine/1_3_marine_data_applications_MHW.ipynb,a793c3125ec343d3964227b29e0d1fc6047bd4e6,VU#51
685047479,wekeo/multicloud,marine/1_3_marine_data_applications_MHW.ipynb,a793c3125ec343d3964227b29e0d1fc6047bd4e6,VU#782
685047479,wekeo/multicloud,marine/1_3_marine_data_applications_MHW.ipynb,a793c3125ec343d3964227b29e0d1fc6047bd4e6,VU#06
685047479,wekeo/multicloud,marine/1_3_marine_data_applications_MHW.ipynb,a793c3125ec343d3964227b29e0d1fc6047bd4e6,VU#3223
685047479,wekeo/multicloud,marine/1_3_marine_data_applications_MHW.ipynb,a793c3125ec343d3964227b29e0d1fc6047bd4e6,VU#339
685047479,wekeo/multicloud,marine/1_3_marine_data_applications_MHW.ipynb,a793c3125ec343d3964227b29e0d1fc6047bd4e6,VU#411
685047479,wekeo/multicloud,marine/1_3_marine_data_applications_MHW.ipynb,a793c3125ec343d3964227b29e0d1fc6047bd4e6,VU#08
685047479,wekeo/multicloud,marine/1_3_marine_data_applications_MHW.ipynb,a793c3125ec343d3964227b29e0d1fc6047bd4e6,VU#94
685047479,wekeo/multicloud,marine/1_3_marine_data_applications_MHW.ipynb,a793c3125ec343d3964227b29e0d1fc6047bd4e6,VU#78
685047479,wekeo/multicloud,marine/1_3_marine_data_applications_MHW.ipynb,a793c3125ec343d3964227b29e0d1fc6047bd4e6,VU#13
685047479,wekeo/multicloud,marine/1_3_marine_data_applications_MHW.ipynb,a793c3125ec343d3964227b29e0d1fc6047bd4e6,VU#01
685047479,wekeo/multicloud,marine/1_3_marine_data_applications_MHW.ipynb,a793c3125ec343d3964227b29e0d1fc6047bd4e6,VU#24
685047479,wekeo/multicloud,marine/1_3_marine_data_applications_MHW.ipynb,a793c3125ec343d3964227b29e0d1fc6047bd4e6,VU#969
685047479,wekeo/multicloud,marine/1_3_marine_data_applications_MHW.ipynb,a793c3125ec343d3964227b29e0d1fc6047bd4e6,VU#744
685047479,wekeo/multicloud,marine/1_3_marine_data_applications_MHW.ipynb,a793c3125ec343d3964227b29e0d1fc6047bd4e6,VU#7777
685047479,wekeo/multicloud,marine/1_3_marine_data_applications_MHW.ipynb,a793c3125ec343d3964227b29e0d1fc6047bd4e6,VU#9777
685047479,wekeo/multicloud,marine/1_3_marine_data_applications_MHW.ipynb,a793c3125ec343d3964227b29e0d1fc6047bd4e6,VU#30
685047479,wekeo/multicloud,marine/1_3_marine_data_applications_MHW.ipynb,a793c3125ec343d3964227b29e0d1fc6047bd4e6,VU#77
685047479,wekeo/multicloud,marine/1_3_marine_data_applications_MHW.ipynb,a793c3125ec343d3964227b29e0d1fc6047bd4e6,VU#165
685047479,wekeo/multicloud,marine/1_3_marine_data_applications_MHW.ipynb,a793c3125ec343d3964227b29e0d1fc6047bd4e6,VU#079
685047479,wekeo/multicloud,marine/1_3_marine_data_applications_MHW.ipynb,a793c3125ec343d3964227b29e0d1fc6047bd4e6,VU#99
685047479,wekeo/multicloud,marine/1_3_marine_data_applications_MHW.ipynb,a793c3125ec343d3964227b29e0d1fc6047bd4e6,VU#322
685047479,wekeo/multicloud,marine/1_3_marine_data_applications_MHW.ipynb,a793c3125ec343d3964227b29e0d1fc6047bd4e6,VU#65
685047479,wekeo/multicloud,marine/1_3_marine_data_applications_MHW.ipynb,a793c3125ec343d3964227b29e0d1fc6047bd4e6,VU#93
685047479,wekeo/multicloud,marine/1_3_marine_data_applications_MHW.ipynb,a793c3125ec343d3964227b29e0d1fc6047bd4e6,VU#37
685047479,wekeo/multicloud,marine/1_3_marine_data_applications_MHW.ipynb,a793c3125ec343d3964227b29e0d1fc6047bd4e6,VU#463
685047479,wekeo/multicloud,marine/1_3_marine_data_applications_MHW.ipynb,a793c3125ec343d3964227b29e0d1fc6047bd4e6,VU#04
685047479,wekeo/multicloud,marine/1_3_marine_data_applications_MHW.ipynb,a793c3125ec343d3964227b29e0d1fc6047bd4e6,VU#24311
685047479,wekeo/multicloud,marine/1_3_marine_data_applications_MHW.ipynb,a793c3125ec343d3964227b29e0d1fc6047bd4e6,VU#05
685047479,wekeo/multicloud,marine/1_3_marine_data_applications_MHW.ipynb,a793c3125ec343d3964227b29e0d1fc6047bd4e6,VU#34
685047479,wekeo/multicloud,marine/1_3_marine_data_applications_MHW.ipynb,a793c3125ec343d3964227b29e0d1fc6047bd4e6,VU#41
685047479,wekeo/multicloud,marine/1_3_marine_data_applications_MHW.ipynb,a793c3125ec343d3964227b29e0d1fc6047bd4e6,VU#35
685047479,wekeo/multicloud,marine/1_3_marine_data_applications_MHW.ipynb,a793c3125ec343d3964227b29e0d1fc6047bd4e6,VU#89
685047479,wekeo/multicloud,marine/1_3_marine_data_applications_MHW.ipynb,a793c3125ec343d3964227b29e0d1fc6047bd4e6,VU#676
685047479,wekeo/multicloud,marine/1_3_marine_data_applications_MHW.ipynb,a793c3125ec343d3964227b29e0d1fc6047bd4e6,VU#36
685047479,wekeo/multicloud,marine/1_3_marine_data_applications_MHW.ipynb,a793c3125ec343d3964227b29e0d1fc6047bd4e6,VU#72
685047479,wekeo/multicloud,marine/1_3_marine_data_applications_MHW.ipynb,a793c3125ec343d3964227b29e0d1fc6047bd4e6,VU#70
685047479,wekeo/multicloud,marine/1_3_marine_data_applications_MHW.ipynb,a793c3125ec343d3964227b29e0d1fc6047bd4e6,VU#90
685047479,wekeo/multicloud,marine/1_3_marine_data_applications_MHW.ipynb,a793c3125ec343d3964227b29e0d1fc6047bd4e6,VU#73
685047479,wekeo/multicloud,marine/1_3_marine_data_applications_MHW.ipynb,a793c3125ec343d3964227b29e0d1fc6047bd4e6,VU#66
685047479,wekeo/multicloud,marine/1_3_marine_data_applications_MHW.ipynb,a793c3125ec343d3964227b29e0d1fc6047bd4e6,VU#378
685047479,wekeo/multicloud,marine/1_3_marine_data_applications_MHW.ipynb,a793c3125ec343d3964227b29e0d1fc6047bd4e6,VU#19
685047479,wekeo/multicloud,marine/1_3_marine_data_applications_MHW.ipynb,a793c3125ec343d3964227b29e0d1fc6047bd4e6,VU#25
685047479,wekeo/multicloud,marine/1_3_marine_data_applications_MHW.ipynb,a793c3125ec343d3964227b29e0d1fc6047bd4e6,VU#79
685047479,wekeo/multicloud,marine/1_3_marine_data_applications_MHW.ipynb,a793c3125ec343d3964227b29e0d1fc6047bd4e6,VU#12
685047479,wekeo/multicloud,marine/1_3_marine_data_applications_MHW.ipynb,a793c3125ec343d3964227b29e0d1fc6047bd4e6,VU#39
685047479,wekeo/multicloud,marine/1_3_marine_data_applications_MHW.ipynb,a793c3125ec343d3964227b29e0d1fc6047bd4e6,VU#48
685047479,wekeo/multicloud,marine/1_2_data_proximate_processing.ipynb,bfcf8ce0ded352d3ac0b3918e3cc7cde735fa7e4,VU#15
685047479,wekeo/multicloud,marine/1_2_data_proximate_processing.ipynb,bfcf8ce0ded352d3ac0b3918e3cc7cde735fa7e4,VU#84
685047479,wekeo/multicloud,marine/1_2_data_proximate_processing.ipynb,bfcf8ce0ded352d3ac0b3918e3cc7cde735fa7e4,VU#088
685047479,wekeo/multicloud,marine/1_2_data_proximate_processing.ipynb,bfcf8ce0ded352d3ac0b3918e3cc7cde735fa7e4,VU#16
685047479,wekeo/multicloud,marine/1_2_data_proximate_processing.ipynb,bfcf8ce0ded352d3ac0b3918e3cc7cde735fa7e4,VU#60
685047479,wekeo/multicloud,marine/1_2_data_proximate_processing.ipynb,bfcf8ce0ded352d3ac0b3918e3cc7cde735fa7e4,VU#74
685047479,wekeo/multicloud,marine/1_2_data_proximate_processing.ipynb,bfcf8ce0ded352d3ac0b3918e3cc7cde735fa7e4,VU#13
685047479,wekeo/multicloud,marine/1_2_data_proximate_processing.ipynb,bfcf8ce0ded352d3ac0b3918e3cc7cde735fa7e4,VU#80
685047479,wekeo/multicloud,marine/1_2_data_proximate_processing.ipynb,bfcf8ce0ded352d3ac0b3918e3cc7cde735fa7e4,VU#125
685047479,wekeo/multicloud,marine/1_2_data_proximate_processing.ipynb,bfcf8ce0ded352d3ac0b3918e3cc7cde735fa7e4,VU#19
685047479,wekeo/multicloud,marine/1_2_data_proximate_processing.ipynb,bfcf8ce0ded352d3ac0b3918e3cc7cde735fa7e4,VU#81
685047479,wekeo/multicloud,marine/1_2_data_proximate_processing.ipynb,bfcf8ce0ded352d3ac0b3918e3cc7cde735fa7e4,VU#56
